54998	nsc013-final-main-20260914
54931	nsc013-main-ready-20260914
54927	nsc013-provisional-20260914
56776	nsc017-locked-door-attack-20260914
56742	nsc042-delivery-20260914
56562	nsc042-evidence-handoff-20260914
844	nsc044-camera-review-20260914
55795	nsc044-capture-fix-stage-20260914
55517	nsc044-current-main-stage-20260914
55421	nsc044-ger-room-20260914
1439395	nsc013-validation2-20260914
1439483	nsc013-validation-20260914
1440712	nsc017-test-20260914
1265771	nsc040069-scene-rebuild-20260914
1443661	nsc028-cap-recovery-20260914
54804	nsc050-052-current-main-integration-20260914
1441079	nsc042-unity-exact-20260914
54811	nsc050-current-main-20260914
1437706	nsc044-exact-test-20260914
53850	nsc050-final-validation-20260914
1428261	nsc044-unity-validation-20260914
56634	nsc052-val003-20260914
56299	nsc053-keep-distance-20260914
1442546	nsc044-visual-current-20260914
1439846	nsc044-visual-tint-20260914
1433752	nsc050-candidate-validation-20260914
1579054	nsc050-052-unity-validation-20260914
1579016	nsc050-052-current-main-unity-20260914
55044	nsc058-main-stage-20260914
1442543	nsc052-val003-test-20260914
1440979	nsc053-validation-20260914
1579640	nsc051-unity-validation-20260914
55041	nsc060-main-integration-20260914
56489	nsc061-source-review-20260914
54377	nsc063-art-recovery-20260914
56193	nsc063-current-main-revision-20260914
56357	nsc063-delivery-evidence-20260914
1444464	nsc057-tooling-20260914
56193	nsc063-final-main-stage-20260914
1442329	nsc057-unity-audit-c26459974
54317	nsc063-pixellab-revision-20260914
56201	nsc063-melee-ne-single-cleaver-20260914
1437022	nsc058-exact-unity-20260914
55999	nsc064-connections-20260914
55967	nsc064-main-review-20260914
54954	nsc064-pixellab-20260914
55579	nsc065-main-stage-20260914
54061	nsc065-retained-art-review-20260914
1435313	nsc058-hierarchy-fader-20260914
56585	nsc065-source-delivery-20260914
55819	nsc073-074-current-review-20260914
1441192	nsc060-current-main-20260914
56381	nsc073-alt-current-stage-20260914
1436121	nsc060-lifecycle-validation-20260914
54786	nsc073-ne-alternate-20260914
56349	nsc073-reuse-alt-20260914
56349	nsc073-visual-stage-20260914
1433033	nsc063-unity-import-3a7dc
57534	nsc074-current-review-20260914
1431038	nsc065-unity-import-20260914
1439875	nsc070-validation-20260914
1439890	nsc073-exact-unity-48cc
56357	nsc077-current-main-review-20260914
1439005	nsc073-main-validation-20260914
56321	nsc077-stationary-enemies-20260914
56357	nsc077-visibility-review-20260914
1442213	nsc073-unity-6abb
1442413	nsc073-unity-f417
55983	nsc089-checkout-recovery
53895	nsc089-final-validation-20260914
53909	nsc090-implementation-20260914
54725	nsc090-main-ready-20260914
1492171	nsc073074-exact-unity-7de7
55081	nsc090-main-validation-20260914
77974	nsc090-provisional-20260914
54903	nsc091-provisional-20260914
1494722	nsc074-exact-unity-20260914
1441828	nsc077-camera-capture-20260914
54889	nsc092-final-main-20260914
1441449	nsc077-unity-validation-20260914
1436888	nsc089-main-validation-20260914
54590	nsc092-provisional-20260914
58513	nsc093-current-main-review-20260914
57349	nsc093-pixellab-walk-20260914
344	nsc093-raw-melee-20260914
52	nsc093-raw-melee-ne-retry-20260914
28	nsc093-raw-melee-north-retry-20260914
308	nsc093-raw-ranged-20260914
348	nsc093-selected-raw-melee-20260914
1447509	nsc090-unity-validation-20260914
1462689	nsc090-unity-validation-warm-20260914
1439375	nsc091-main-ready-20260914
1439553	nsc092-diagnostic-20260914
1439729	nsc092-main-ready-20260914
1439237	nsc092-obstacle-fix-20260914
